{
  "hash": "02de06ca",
  "configHash": "2f3a7174",
  "lockfileHash": "0dee06ea",
  "browserHash": "313ce61e",
  "optimized": {
    "@angular/common/http": {
      "src": "../../../../../../node_modules/@angular/common/fesm2022/http.mjs",
      "file": "@angular_common_http.js",
      "fileHash": "9868934b",
      "needsInterop": false
    },
    "@angular/core": {
      "src": "../../../../../../node_modules/@angular/core/fesm2022/core.mjs",
      "file": "@angular_core.js",
      "fileHash": "ffcb3c2f",
      "needsInterop": false
    },
    "@angular/material/slide-toggle": {
      "src": "../../../../../../node_modules/@angular/material/fesm2022/slide-toggle.mjs",
      "file": "@angular_material_slide-toggle.js",
      "fileHash": "b688d2dd",
      "needsInterop": false
    },
    "@angular/platform-browser": {
      "src": "../../../../../../node_modules/@angular/platform-browser/fesm2022/platform-browser.mjs",
      "file": "@angular_platform-browser.js",
      "fileHash": "fcdd1bcc",
      "needsInterop": false
    },
    "@angular/platform-browser/animations/async": {
      "src": "../../../../../../node_modules/@angular/platform-browser/fesm2022/animations/async.mjs",
      "file": "@angular_platform-browser_animations_async.js",
      "fileHash": "f5adc409",
      "needsInterop": false
    },
    "@angular/router": {
      "src": "../../../../../../node_modules/@angular/router/fesm2022/router.mjs",
      "file": "@angular_router.js",
      "fileHash": "69b1b3bf",
      "needsInterop": false
    },
    "rxjs": {
      "src": "../../../../../../node_modules/rxjs/dist/esm5/index.js",
      "file": "rxjs.js",
      "fileHash": "a53e678e",
      "needsInterop": false
    }
  },
  "chunks": {
    "chunk-2HQBYVIK": {
      "file": "chunk-2HQBYVIK.js"
    },
    "chunk-OTRLHVI7": {
      "file": "chunk-OTRLHVI7.js"
    },
    "browser-UXKDFS2G": {
      "file": "browser-UXKDFS2G.js"
    },
    "chunk-A7CG7FL7": {
      "file": "chunk-A7CG7FL7.js"
    },
    "chunk-LGTIMQHY": {
      "file": "chunk-LGTIMQHY.js"
    },
    "chunk-6EXQV4WU": {
      "file": "chunk-6EXQV4WU.js"
    }
  }
}